"variavel","pearson","spearman","p_value","ic_95_li","ic_95_ls"
"PETR4 x IBOV",0.3903,0.3436,0.005077,0.1256,0.6031
"PETR4 x BRENT",0.2934,0.3588,0.038618,0.0164,0.5286
"PETR4 x DOLAR",-0.1201,-0.0798,0.40598,-0.3856,0.1637
