"variavel","pearson","spearman","p_value","ic_95_li","ic_95_ls"
"PETR4 x IBOV",0.3903,0.3436,0.005077,0.1256,0.6031
"PETR4 x BRENT",0.2929,0.3588,0.039013,0.0158,0.5282
"PETR4 x DOLAR",-0.1201,-0.0798,0.405981,-0.3856,0.1637
